{
    "sqs_queues": [
        {
            "name": "cd-account-instant-payment-dispute-infraction-report",
            "delay_seconds": 10,
            "receive_wait_time_seconds": 0,
            "visibility_timeout_seconds": 45,
            "message_retention_seconds": 345600,
            "max_receive_count": 10,
            "environment": "uat",
            "workload": "account-instant-payment",
            "cost_center": "conta_digital_shared",
            "owner": "squad_conta",
            "iaac": "yes",
            "bu": "squad_conta",
            "application": "account-instant-payment",
            "monitoring": "zabbix"
        },
        {
            "name": "cd-account-instant-payment-dispute-refund-request",
            "delay_seconds": 10,
            "receive_wait_time_seconds": 0,
            "visibility_timeout_seconds": 45,
            "message_retention_seconds": 345600,
            "max_receive_count": 10,
            "environment": "uat",
            "workload": "account-instant-payment",
            "cost_center": "conta_digital_shared",
            "owner": "squad_conta",
            "iaac": "yes",
            "bu": "squad_conta",
            "application": "account-instant-payment",
            "monitoring": "zabbix"
        }        
    ],
    "sns_topics": []
}