{
    "Version": "2012-10-17",
    "Statement": [
      {
        "Effect": "Deny",
        "Principal": "*",
        "Action": "execute-api:Invoke",
        "Resource": "arn:aws:execute-api:sa-east-1:785212834098:35xdmz8mb2/*",
        "Condition": {
          "StringNotEquals": {
            "aws:sourceVpce": "vpce-0aa64cf3a6cedc7b0"
          }
        }
      },
      {
        "Effect": "Allow",
        "Principal": "*",
        "Action": "execute-api:Invoke",
        "Resource": "arn:aws:execute-api:sa-east-1:785212834098:35xdmz8mb2/*"
      }
    ]
  }